{
  "id": "default",
  "name": "Default",
  "header": [
    "",
    "<gradient:#FF5555:#FF5555><bold> Insomnia: Hardcore Server</bold></gradient>",
    "",
    "<color:#555555><strikethrough>        </strikethrough>[ </color><color:#ffba26>%server:online%<color:#ffba26>/</color>%server:max_players%</color><color:#555555> ]<strikethrough>        </strikethrough></color>",
    ""
  ],
  "footer": [
    "",
    "<color:#555555><strikethrough>                          </strikethrough></color>",
    "",
    "<gray>TPS: %server:tps_colored% <dark_gray>|</dark_gray> <gray>Ping: <color:#ffba26>%player:ping%</color>",
    ""
  ],
  "hidden": false,
  "permission": ""
}