{
    "type": "minecraft:simple_random_selector",
    "config": {
      "features": [
        {
          "feature": {
            "type": "minecraft:block_column",
            "config": {
              "direction": "east",
              "allowed_placement": {
                "type": "minecraft:all_of",
                "predicates": [
                  {
                    "type": "minecraft:matching_blocks",
                    "offset": [
                      0,
                      0,
                      0
                    ],
                    "blocks": "minecraft:air"
                  },
                  {
                    "type": "minecraft:not",
                    "predicate": {
                      "type": "minecraft:matching_blocks",
                      "offset": [
                        0,
                        -1,
                        0
                      ],
                      "blocks": "#tectonic:air_and_water"
                    }
                  }
                ]
              },
              "prioritize_tip": true,
              "layers": [
                {
                  "height": 1,
                  "provider": {
                    "type": "minecraft:simple_state_provider",
                    "state": {
                      "Name": "minecraft:spruce_log",
                      "Properties": {
                        "axis": "y"
                      }
                    }
                  }
                },
                {
                  "height": 1,
                  "provider": {
                    "type": "minecraft:simple_state_provider",
                    "state": {
                      "Name": "minecraft:air"
                    }
                  }
                },
                {
                  "height": {
                    "type": "minecraft:uniform",
                    "value": {
                      "min_inclusive": 4,
                      "max_inclusive": 6
                    }
                  },
                  "provider": {
                    "type": "minecraft:simple_state_provider",
                    "state": {
                      "Name": "minecraft:spruce_log",
                      "Properties": {
                        "axis": "x"
                      }
                    }
                  }
                }
              ]
            }
          },
          "placement": [
            {
              "type": "minecraft:block_predicate_filter",
              "predicate": {
                "type": "minecraft:all_of",
                "predicates": [
                  {
                    "type": "minecraft:matching_blocks",
                    "offset": [
                      0,
                      0,
                      0
                    ],
                    "blocks": "minecraft:air"
                  },
                  {
                    "type": "minecraft:not",
                    "predicate": {
                      "type": "minecraft:matching_blocks",
                      "offset": [
                        0,
                        -1,
                        0
                      ],
                      "blocks": "#tectonic:air_and_water"
                    }
                  },
                  {
                    "type": "minecraft:matching_blocks",
                    "offset": [
                      1,
                      0,
                      0
                    ],
                    "blocks": "minecraft:air"
                  },
                  {
                    "type": "minecraft:not",
                    "predicate": {
                      "type": "minecraft:matching_blocks",
                      "offset": [
                        1,
                        -1,
                        0
                      ],
                      "blocks": "#tectonic:air_and_water"
                    }
                  },
                  {
                    "type": "minecraft:matching_blocks",
                    "offset": [
                      2,
                      0,
                      0
                    ],
                    "blocks": "minecraft:air"
                  },
                  {
                    "type": "minecraft:not",
                    "predicate": {
                      "type": "minecraft:matching_blocks",
                      "offset": [
                        2,
                        -1,
                        0
                      ],
                      "blocks": "#tectonic:air_and_water"
                    }
                  },
                  {
                    "type": "minecraft:matching_blocks",
                    "offset": [
                      3,
                      0,
                      0
                    ],
                    "blocks": "minecraft:air"
                  },
                  {
                    "type": "minecraft:not",
                    "predicate": {
                      "type": "minecraft:matching_blocks",
                      "offset": [
                        3,
                        -1,
                        0
                      ],
                      "blocks": "#tectonic:air_and_water"
                    }
                  }
                ]
              }
            }
          ]
        },
        {
          "feature": {
            "type": "minecraft:block_column",
            "config": {
              "direction": "west",
              "allowed_placement": {
                "type": "minecraft:all_of",
                "predicates": [
                  {
                    "type": "minecraft:matching_blocks",
                    "offset": [
                      0,
                      0,
                      0
                    ],
                    "blocks": "minecraft:air"
                  },
                  {
                    "type": "minecraft:not",
                    "predicate": {
                      "type": "minecraft:matching_blocks",
                      "offset": [
                        0,
                        -1,
                        0
                      ],
                      "blocks": "#tectonic:air_and_water"
                    }
                  }
                ]
              },
              "prioritize_tip": true,
              "layers": [
                {
                  "height": 1,
                  "provider": {
                    "type": "minecraft:simple_state_provider",
                    "state": {
                      "Name": "minecraft:spruce_log",
                      "Properties": {
                        "axis": "y"
                      }
                    }
                  }
                },
                {
                  "height": 1,
                  "provider": {
                    "type": "minecraft:simple_state_provider",
                    "state": {
                      "Name": "minecraft:air"
                    }
                  }
                },
                {
                  "height": {
                    "type": "minecraft:uniform",
                    "value": {
                      "min_inclusive": 4,
                      "max_inclusive": 6
                    }
                  },
                  "provider": {
                    "type": "minecraft:simple_state_provider",
                    "state": {
                      "Name": "minecraft:spruce_log",
                      "Properties": {
                        "axis": "x"
                      }
                    }
                  }
                }
              ]
            }
          },
          "placement": [
            {
              "type": "minecraft:block_predicate_filter",
              "predicate": {
                "type": "minecraft:all_of",
                "predicates": [
                  {
                    "type": "minecraft:matching_blocks",
                    "offset": [
                      0,
                      0,
                      0
                    ],
                    "blocks": "minecraft:air"
                  },
                  {
                    "type": "minecraft:not",
                    "predicate": {
                      "type": "minecraft:matching_blocks",
                      "offset": [
                        0,
                        -1,
                        0
                      ],
                      "blocks": "#tectonic:air_and_water"
                    }
                  },
                  {
                    "type": "minecraft:matching_blocks",
                    "offset": [
                      -1,
                      0,
                      0
                    ],
                    "blocks": "minecraft:air"
                  },
                  {
                    "type": "minecraft:not",
                    "predicate": {
                      "type": "minecraft:matching_blocks",
                      "offset": [
                        -1,
                        -1,
                        0
                      ],
                      "blocks": "#tectonic:air_and_water"
                    }
                  },
                  {
                    "type": "minecraft:matching_blocks",
                    "offset": [
                      -2,
                      0,
                      0
                    ],
                    "blocks": "minecraft:air"
                  },
                  {
                    "type": "minecraft:not",
                    "predicate": {
                      "type": "minecraft:matching_blocks",
                      "offset": [
                        -2,
                        -1,
                        0
                      ],
                      "blocks": "#tectonic:air_and_water"
                    }
                  },
                  {
                    "type": "minecraft:matching_blocks",
                    "offset": [
                      -3,
                      0,
                      0
                    ],
                    "blocks": "minecraft:air"
                  },
                  {
                    "type": "minecraft:not",
                    "predicate": {
                      "type": "minecraft:matching_blocks",
                      "offset": [
                        -3,
                        -1,
                        0
                      ],
                      "blocks": "#tectonic:air_and_water"
                    }
                  }
                ]
              }
            }
          ]
        },
        {
          "feature": {
            "type": "minecraft:block_column",
            "config": {
              "direction": "south",
              "allowed_placement": {
                "type": "minecraft:all_of",
                "predicates": [
                  {
                    "type": "minecraft:matching_blocks",
                    "offset": [
                      0,
                      0,
                      0
                    ],
                    "blocks": "minecraft:air"
                  },
                  {
                    "type": "minecraft:not",
                    "predicate": {
                      "type": "minecraft:matching_blocks",
                      "offset": [
                        0,
                        -1,
                        0
                      ],
                      "blocks": "#tectonic:air_and_water"
                    }
                  }
                ]
              },
              "prioritize_tip": true,
              "layers": [
                {
                  "height": 1,
                  "provider": {
                    "type": "minecraft:simple_state_provider",
                    "state": {
                      "Name": "minecraft:spruce_log",
                      "Properties": {
                        "axis": "y"
                      }
                    }
                  }
                },
                {
                  "height": 1,
                  "provider": {
                    "type": "minecraft:simple_state_provider",
                    "state": {
                      "Name": "minecraft:air"
                    }
                  }
                },
                {
                  "height": {
                    "type": "minecraft:uniform",
                    "value": {
                      "min_inclusive": 4,
                      "max_inclusive": 6
                    }
                  },
                  "provider": {
                    "type": "minecraft:simple_state_provider",
                    "state": {
                      "Name": "minecraft:spruce_log",
                      "Properties": {
                        "axis": "z"
                      }
                    }
                  }
                }
              ]
            }
          },
          "placement": [
            {
              "type": "minecraft:block_predicate_filter",
              "predicate": {
                "type": "minecraft:all_of",
                "predicates": [
                  {
                    "type": "minecraft:matching_blocks",
                    "offset": [
                      0,
                      0,
                      0
                    ],
                    "blocks": "minecraft:air"
                  },
                  {
                    "type": "minecraft:not",
                    "predicate": {
                      "type": "minecraft:matching_blocks",
                      "offset": [
                        0,
                        -1,
                        0
                      ],
                      "blocks": "#tectonic:air_and_water"
                    }
                  },
                  {
                    "type": "minecraft:matching_blocks",
                    "offset": [
                      0,
                      0,
                      1
                    ],
                    "blocks": "minecraft:air"
                  },
                  {
                    "type": "minecraft:not",
                    "predicate": {
                      "type": "minecraft:matching_blocks",
                      "offset": [
                        0,
                        -1,
                        1
                      ],
                      "blocks": "#tectonic:air_and_water"
                    }
                  },
                  {
                    "type": "minecraft:matching_blocks",
                    "offset": [
                      0,
                      0,
                      2
                    ],
                    "blocks": "minecraft:air"
                  },
                  {
                    "type": "minecraft:not",
                    "predicate": {
                      "type": "minecraft:matching_blocks",
                      "offset": [
                        0,
                        -1,
                        2
                      ],
                      "blocks": "#tectonic:air_and_water"
                    }
                  },
                  {
                    "type": "minecraft:matching_blocks",
                    "offset": [
                      0,
                      0,
                      3
                    ],
                    "blocks": "minecraft:air"
                  },
                  {
                    "type": "minecraft:not",
                    "predicate": {
                      "type": "minecraft:matching_blocks",
                      "offset": [
                        0,
                        -1,
                        3
                      ],
                      "blocks": "#tectonic:air_and_water"
                    }
                  }
                ]
              }
            }
          ]
        },
        {
          "feature": {
            "type": "minecraft:block_column",
            "config": {
              "direction": "north",
              "allowed_placement": {
                "type": "minecraft:all_of",
                "predicates": [
                  {
                    "type": "minecraft:matching_blocks",
                    "offset": [
                      0,
                      0,
                      0
                    ],
                    "blocks": "minecraft:air"
                  },
                  {
                    "type": "minecraft:not",
                    "predicate": {
                      "type": "minecraft:matching_blocks",
                      "offset": [
                        0,
                        -1,
                        0
                      ],
                      "blocks": "#tectonic:air_and_water"
                    }
                  }
                ]
              },
              "prioritize_tip": true,
              "layers": [
                {
                  "height": 1,
                  "provider": {
                    "type": "minecraft:simple_state_provider",
                    "state": {
                      "Name": "minecraft:spruce_log",
                      "Properties": {
                        "axis": "y"
                      }
                    }
                  }
                },
                {
                  "height": 1,
                  "provider": {
                    "type": "minecraft:simple_state_provider",
                    "state": {
                      "Name": "minecraft:air"
                    }
                  }
                },
                {
                  "height": {
                    "type": "minecraft:uniform",
                    "value": {
                      "min_inclusive": 4,
                      "max_inclusive": 6
                    }
                  },
                  "provider": {
                    "type": "minecraft:simple_state_provider",
                    "state": {
                      "Name": "minecraft:spruce_log",
                      "Properties": {
                        "axis": "z"
                      }
                    }
                  }
                }
              ]
            }
          },
          "placement": [
            {
              "type": "minecraft:block_predicate_filter",
              "predicate": {
                "type": "minecraft:all_of",
                "predicates": [
                  {
                    "type": "minecraft:matching_blocks",
                    "offset": [
                      0,
                      0,
                      0
                    ],
                    "blocks": "minecraft:air"
                  },
                  {
                    "type": "minecraft:not",
                    "predicate": {
                      "type": "minecraft:matching_blocks",
                      "offset": [
                        0,
                        -1,
                        0
                      ],
                      "blocks": "#tectonic:air_and_water"
                    }
                  },
                  {
                    "type": "minecraft:matching_blocks",
                    "offset": [
                      0,
                      0,
                      -1
                    ],
                    "blocks": "minecraft:air"
                  },
                  {
                    "type": "minecraft:not",
                    "predicate": {
                      "type": "minecraft:matching_blocks",
                      "offset": [
                        0,
                        -1,
                        -1
                      ],
                      "blocks": "#tectonic:air_and_water"
                    }
                  },
                  {
                    "type": "minecraft:matching_blocks",
                    "offset": [
                      0,
                      0,
                      -2
                    ],
                    "blocks": "minecraft:air"
                  },
                  {
                    "type": "minecraft:not",
                    "predicate": {
                      "type": "minecraft:matching_blocks",
                      "offset": [
                        0,
                        -1,
                        -2
                      ],
                      "blocks": "#tectonic:air_and_water"
                    }
                  },
                  {
                    "type": "minecraft:matching_blocks",
                    "offset": [
                      0,
                      0,
                      -3
                    ],
                    "blocks": "minecraft:air"
                  },
                  {
                    "type": "minecraft:not",
                    "predicate": {
                      "type": "minecraft:matching_blocks",
                      "offset": [
                        0,
                        -1,
                        -3
                      ],
                      "blocks": "#tectonic:air_and_water"
                    }
                  }
                ]
              }
            }
          ]
        }
      ]
    }
  }
  