{
    "replace": false,
    "values": [
        "tectonic:taiga/trees/standard_spruce/spruce_checked",
        "tectonic:taiga/trees/standard_spruce/spruce_tall_checked",
        "tectonic:taiga/trees/standard_spruce/pine_checked",
        {
            "id": "arboria:_placer/spruce/1",
            "required": false
        },
        {
            "id": "arboria:_placer/spruce/2",
            "required": false
        },
        {
            "id": "arboria:_placer/spruce/3",
            "required": false
        },
        {
            "id": "arboria:_placer/spruce/4",
            "required": false
        },
        {
            "id": "arboria:_placer/spruce/5",
            "required": false
        },
        {
            "id": "arboria:_placer/spruce/6",
            "required": false
        },
        {
            "id": "arboria:_placer/spruce/7",
            "required": false
        },
        {
            "id": "arboria:_placer/spruce/8",
            "required": false
        },
        {
            "id": "arboria:_placer/spruce/9",
            "required": false
        }
    ]
}