{
  "feature": "tectonic:river/sculk_patch_ancient_river",
  "placement": [
    {
      "type": "minecraft:count",
      "count": 0
    },
    {
      "type": "minecraft:in_square"
    },
    {
      "type": "minecraft:height_range",
      "height": {
        "type": "minecraft:uniform",
        "min_inclusive": {
          "absolute": 46
        },
        "max_inclusive": {
          "absolute": 74
        }
      }
    },
    {
      "type": "minecraft:random_offset",
      "xz_spread": 0,
      "y_spread": {
        "type": "minecraft:uniform",
        "value": {
          "min_inclusive": -3,
          "max_inclusive": 3
        }
      }
    },
    {
      "type": "minecraft:surface_relative_threshold_filter",
      "heightmap": "OCEAN_FLOOR_WG",
      "max_inclusive": -32
    },
    {
      "type": "minecraft:biome"
    }
  ]
}
