{
  "id": "tiered:epic",
  "verifiers": [
    {
      "tag": "c:helmets"
    },
    {
      "tag": "c:chestplates"
    },
    {
      "tag": "c:leggings"
    },
    {
      "tag": "c:boots"
    },
    {
      "tag": "c:swords"
    },
    {
      "tag": "c:shovels"
    },
    {
      "tag": "c:pickaxes"
    },
    {
      "tag": "c:hoes"
    },
    {
      "tag": "c:axes"
    }
  ],
  "weight": 9,
  "style": {
    "color": "dark_purple"
  },
  "attributes": [
    {
      "type": "generic.armor",
      "modifier": {
        "name": "tiered:epic",
        "operation": "ADDITION",
        "amount": 2
      },
      "optional_equipment_slots": [
        "MAINHAND",
        "FEET",
        "LEGS",
        "CHEST",
        "HEAD"
      ]
    },
    {
      "type": "generic.armor_toughness",
      "modifier": {
        "name": "tiered:epic",
        "operation": "ADDITION",
        "amount": 1
      },
      "optional_equipment_slots": [
        "MAINHAND",
        "FEET",
        "LEGS",
        "CHEST",
        "HEAD"
      ]
    },
    {
      "type": "tiered:generic.durable",
      "modifier": {
        "name": "tiered:epic",
        "operation": "MULTIPLY_TOTAL",
        "amount": 0.2
      },
      "optional_equipment_slots": [
        "MAINHAND",
        "FEET",
        "LEGS",
        "CHEST",
        "HEAD"
      ]
    }
  ]
}