{
  "id": "tiered:legendary",
  "verifiers": [
    {
      "tag": "c:helmets"
    },
    {
      "tag": "c:chestplates"
    },
    {
      "tag": "c:leggings"
    },
    {
      "tag": "c:boots"
    },
    {
      "tag": "c:swords"
    },
    {
      "tag": "c:shovels"
    },
    {
      "tag": "c:pickaxes"
    },
    {
      "tag": "c:hoes"
    },
    {
      "tag": "c:axes"
    }
  ],
  "weight": 3,
  "style": {
    "color": "gold"
  },
  "attributes": [
    {
      "type": "generic.armor",
      "modifier": {
        "name": "tiered:legendary",
        "operation": "ADDITION",
        "amount": 4
      },
      "optional_equipment_slots": [
        "MAINHAND",
        "FEET",
        "LEGS",
        "CHEST",
        "HEAD"
      ]
    },
    {
      "type": "generic.luck",
      "modifier": {
        "name": "tiered:legendary",
        "operation": "ADDITION",
        "amount": 0.5
      },
      "optional_equipment_slots": [
        "MAINHAND",
        "FEET",
        "LEGS",
        "CHEST",
        "HEAD"
      ]
    },
    {
      "type": "generic.armor_toughness",
      "modifier": {
        "name": "tiered:legendary",
        "operation": "ADDITION",
        "amount": 2
      },
      "optional_equipment_slots": [
        "MAINHAND",
        "FEET",
        "LEGS",
        "CHEST",
        "HEAD"
      ]
    },
    {
      "type": "tiered:generic.durable",
      "modifier": {
        "name": "tiered:legendary",
        "operation": "MULTIPLY_TOTAL",
        "amount": 0.3
      },
      "optional_equipment_slots": [
        "MAINHAND",
        "FEET",
        "LEGS",
        "CHEST",
        "HEAD"
      ]
    }
  ]
}