{
    "id": "tiered:uncommon",
    "verifiers": [
        {
            "tag": "c:helmets"
        },
        {
            "tag": "c:chestplates"
        },
        {
            "tag": "c:leggings"
        },
        {
            "tag": "c:boots"
        },
        {
            "tag": "c:swords"
        },
        {
            "tag": "c:shovels"
        },
        {
            "tag": "c:pickaxes"
        },
        {
            "tag": "c:hoes"
        },
        {
            "tag": "c:axes"
        }
    ],
    "weight": 25,
    "style": {
        "color": "dark_green"
    },
    "attributes": [
        {
            "type": "tiered:generic.durable",
            "modifier": {
                "name": "tiered:uncommon",
                "operation": "MULTIPLY_TOTAL",
                "amount": 0.1
            },
            "optional_equipment_slots": [
                "MAINHAND",
                "FEET",
                "LEGS",
                "CHEST",
                "HEAD"
            ]
        }
    ]
}