{
    "type": "minecraft:add",
    "argument1": {
        "type": "minecraft:mul",
        "argument1": {
            "type": "minecraft:spline",
            "min_value": -64,
            "max_value": 64,
            "spline": {
                "coordinate": {
                    "type": "minecraft:interpolated",
                    "argument": "tectonic:overworld/noise/continents"
                },
                "points": [
                    {
                        "location": -0.7,
                        "derivative": 0,
                        "value": {
                            "coordinate": {
                                "type": "minecraft:interpolated",
                                "argument": "tectonic:overworld/noise/base_erosion"
                            },
                            "points": [
                                {
                                    "location": -0.65,
                                    "derivative": 0,
                                    "value": {
                                        "coordinate": {
                                            "type": "minecraft:interpolated",
                                            "argument": "tectonic:overworld/noise/depth_no_hoodoos"
                                        },
                                        "points": [
                                            {
                                                "location": -0.4,
                                                "derivative": 0,
                                                "value": 0
                                            },
                                            {
                                                "location": -0.2,
                                                "derivative": 0,
                                                "value": 1
                                            },
                                            {
                                                "location": 0,
                                                "derivative": 0,
                                                "value": 1
                                            },
                                            {
                                                "location": 0.05,
                                                "derivative": 0,
                                                "value": 0
                                            }
                                        ]
                                    }
                                },
                                {
                                    "location": -0.62,
                                    "derivative": 0,
                                    "value": 0
                                }
                            ]
                        }
                    },
                    {
                        "location": -0.68,
                        "derivative": 0,
                        "value": 0
                    },
                    {
                        "location": -0.185,
                        "derivative": 0,
                        "value": 0
                    },
                    {
                        "location": -0.155,
                        "derivative": 0,
                        "value": {
                            "coordinate": {
                                "type": "minecraft:interpolated",
                                "argument": "tectonic:overworld/noise/base_erosion"
                            },
                            "points": [
                                {
                                    "location": -0.875,
                                    "derivative": 0,
                                    "value": {
                                        "coordinate": {
                                            "type": "minecraft:interpolated",
                                            "argument": "minecraft:overworld/ridges_folded"
                                        },
                                        "points": [
                                            {
                                                "location": 0.05,
                                                "derivative": 0,
                                                "value": 0
                                            },
                                            {
                                                "location": 0.1,
                                                "derivative": 0,
                                                "value": {
                                                    "coordinate": {
                                                        "type": "minecraft:interpolated",
                                                        "argument": "tectonic:overworld/noise/depth_no_hoodoos"
                                                    },
                                                    "points": [
                                                        {
                                                            "location": -0.4,
                                                            "derivative": 0,
                                                            "value": 0
                                                        },
                                                        {
                                                            "location": -0.2,
                                                            "derivative": 0,
                                                            "value": 1
                                                        },
                                                        {
                                                            "location": 0,
                                                            "derivative": 0,
                                                            "value": 1
                                                        },
                                                        {
                                                            "location": 0.05,
                                                            "derivative": 0,
                                                            "value": 0
                                                        }
                                                    ]
                                                }
                                            }
                                        ]
                                    }
                                },
                                {
                                    "location": -0.8375,
                                    "derivative": 0,
                                    "value": 0
                                }
                            ]
                        }
                    },
                    {
                        "location": 0.05,
                        "derivative": 0,
                        "value": {
                            "coordinate": {
                                "type": "minecraft:interpolated",
                                "argument": "tectonic:overworld/noise/base_erosion"
                            },
                            "points": [
                                {
                                    "location": -0.875,
                                    "derivative": 0,
                                    "value": {
                                        "coordinate": {
                                            "type": "minecraft:interpolated",
                                            "argument": "minecraft:overworld/ridges_folded"
                                        },
                                        "points": [
                                            {
                                                "location": 0.05,
                                                "derivative": 0,
                                                "value": 0
                                            },
                                            {
                                                "location": 0.1,
                                                "derivative": 0,
                                                "value": {
                                                    "coordinate": {
                                                        "type": "minecraft:interpolated",
                                                        "argument": "tectonic:overworld/noise/depth_no_hoodoos"
                                                    },
                                                    "points": [
                                                        {
                                                            "location": -0.4,
                                                            "derivative": 0,
                                                            "value": 0
                                                        },
                                                        {
                                                            "location": -0.2,
                                                            "derivative": 0,
                                                            "value": 1
                                                        },
                                                        {
                                                            "location": 0,
                                                            "derivative": 0,
                                                            "value": 1
                                                        },
                                                        {
                                                            "location": 0.05,
                                                            "derivative": 0,
                                                            "value": 0
                                                        }
                                                    ]
                                                }
                                            }
                                        ]
                                    }
                                },
                                {
                                    "location": -0.8375,
                                    "derivative": 0,
                                    "value": 0
                                }
                            ]
                        }
                    },
                    {
                        "location": 0.08,
                        "derivative": 0,
                        "value": 0
                    }
                ]
            }
        },
        "argument2": {
            "type": "minecraft:add",
            "argument1": {
                "type": "minecraft:interpolated",
                "argument": "minecraft:overworld/base_3d_noise"
            },
            "argument2": 0.3
        }
    },
    "argument2": -0.3
}