{
  "minecraft": {
    "crop_progress": true,
    "comparator": true,
    "display_furnace_contents": true,
    "hide_infestations": true,
    "jukebox": true,
    "lever": true,
    "spawner_type": true,
    "redstone": true,
    "repeater": true
  },
  "tmechworks": {
    "redstone_machine": true
  },
  "harvestability": {
    "unharvestableonly": false,
    "toolrequiredonly": true,
    "harvestlevel.sneakingonly": true,
    "currentlyharvestable.sneakingonly": true,
    "harvestlevelnum.sneakingonly": true,
    "shearability.sneakingonly": true,
    "harvestlevel": true,
    "minimal": false,
    "effectivetool.sneakingonly": true,
    "oresonly": false,
    "currentlyharvestable": true,
    "shearability": true,
    "effectivetool": true,
    "harvestlevelnum": false
  },
  "jade": {
    "horse_inventory": true,
    "total_ench_power": true,
    "show_entity_armor": true,
    "chicken_egg": true,
    "horse_stat": true,
    "brewing_stand": true,
    "note_block": true,
    "inventory": true,
    "beehive": true,
    "player_head": true,
    "effective_tool": true,
    "harvest_tool": true,
    "hide_mod_name": false,
    "armor_stand": true,
    "profession": true,
    "item_tooltip": true,
    "hide_item_mod_name": false,
    "breaking_progress": true,
    "tnt_stability": true,
    "ench_power": true,
    "mob_breeding": true,
    "item_frame": true,
    "effects": true,
    "command_block": true,
    "mob_growth": true,
    "painting": true,
    "harvest_tool_new_line": false,
    "trapped_chest": true
  },
  "securitycraft": {
    "showowner": true,
    "showmodules": true,
    "showpasswords": true,
    "showcustomname": true
  },
  "waila": {
    "show_registry": false,
    "show_states": false,
    "show_entity_hp": true,
    "show_entities": true
  },
  "storagedrawers": {
    "display.stacklimit": true,
    "display.content": true,
    "display.status": true
  }
}