{
  "type": "minecraft:disk",
  "config": {
    "state": {
      "Name": "minecraft:sand"
    },
    "radius": 4,
    "half_height": 1,
    "targets": [
      {
        "Name": "minecraft:stone"
      },
      {
        "Name": "minecraft:dirt"
      },
      {
        "Name": "minecraft:granite"
      },
      {
        "Name": "minecraft:diorite"
      },
      {
        "Name": "minecraft:andesite"
      },
      {
        "Name": "minecraft:gravel"
      },
      {
        "Name": "minecraft:coal_ore"
      },
      {
        "Name": "minecraft:copper_ore"
      },
      {
        "Name": "minecraft:iron_ore"
      },
      {
        "Name": "minecraft:lapis_ore"
      }
    ]
  }
}
