{
    "type": "minecraft:ore",
    "config": {
        "size": 64,
        "discard_chance_on_air_exposure": 0,
        "targets": [
            {
                "target": {
                    "predicate_type": "minecraft:block_match",
                    "block": "minecraft:grass_block"
                },
                "state": {
                    "Name": "minecraft:sand"
                }
            },
            {
                "target": {
                    "predicate_type": "minecraft:block_match",
                    "block": "minecraft:dirt"
                },
                "state": {
                    "Name": "minecraft:sandstone"
                }
            }
        ]
    }
}