{
    "replace": false,
    "values": [
        "tectonic:forest/trees/fancy_oak/variant_2_checked",
        {
            "id": "arboria:_placer/swamp_oak/1",
            "required": false
        },
        {
            "id": "arboria:_placer/swamp_oak/2",
            "required": false
        },
        {
            "id": "arboria:_placer/swamp_oak/3",
            "required": false
        },
        {
            "id": "arboria:_placer/swamp_oak/4",
            "required": false
        },
        {
            "id": "arboria:_placer/swamp_oak/5",
            "required": false
        }
    ]
}