{
    "type": "minecraft:vegetation_patch",
    "config": {
      "surface": "floor",
      "depth": 1,
      "vertical_range": 1,
      "extra_bottom_block_chance": 0,
      "extra_edge_column_chance": 0.5,
      "vegetation_chance": 0,
      "xz_radius": {
        "type": "minecraft:uniform",
        "value": {
          "min_inclusive": 1,
          "max_inclusive": 3
        }
      },
      "replaceable": "#tectonic:grass_block",
      "ground_state": {
        "type": "minecraft:simple_state_provider",
        "state": {
          "Name": "minecraft:podzol"
        }
      },
      "vegetation_feature": {
        "feature": {
          "type": "minecraft:no_op",
          "config": {}
        },
        "placement": [
          {
            "type": "minecraft:count",
            "count": 4
          }
        ]
      }
    }
  }
  