{
  "type": "minecraft:random_patch",
  "config": {
    "tries": 32,
    "xz_spread": 0,
    "y_spread": 0,
    "feature": {
      "feature": {
        "type": "minecraft:random_selector",
        "config": {
          "features": [
            {
              "chance": 0.25,
              "feature": {
                "feature": {
                  "type": "minecraft:block_column",
                  "config": {
                    "direction": "down",
                    "allowed_placement": {
                      "type": "minecraft:true"
                    },
                    "prioritize_tip": false,
                    "layers": [
                      {
                        "height": 1,
                        "provider": {
                          "type": "minecraft:simple_state_provider",
                          "state": {
                            "Name": "minecraft:birch_log",
                            "Properties": {
                              "axis": "z"
                            }
                          }
                        }
                      },
                      {
                        "height": 1,
                        "provider": {
                          "type": "minecraft:weighted_state_provider",
                          "entries": [
                            {
                              "weight": 14,
                              "data": {
                                "Name": "minecraft:air"
                              }
                            },
                            {
                              "weight": 1,
                              "data": {
                                "Name": "minecraft:bee_nest",
                                "Properties": {
                                  "facing": "east",
                                  "honey_level": "1"
                                }
                              }
                            },
                            {
                              "weight": 1,
                              "data": {
                                "Name": "minecraft:bee_nest",
                                "Properties": {
                                  "facing": "west",
                                  "honey_level": "1"
                                }
                              }
                            }
                          ]
                        }
                      }
                    ]
                  }
                },
                "placement": [
                  {
                    "type": "minecraft:block_predicate_filter",
                    "predicate": {
                      "type": "minecraft:would_survive",
                      "state": {
                        "Name": "minecraft:birch_sapling",
                        "Properties": {
                          "stage": "0"
                        }
                      }
                    }
                  },
                  {
                    "type": "minecraft:random_offset",
                    "xz_spread": {
                      "type": "minecraft:uniform",
                      "value": {
                        "min_inclusive": -1,
                        "max_inclusive": 1
                      }
                    },
                    "y_spread": {
                      "type": "minecraft:uniform",
                      "value": {
                        "min_inclusive": 4,
                        "max_inclusive": 8
                      }
                    }
                  },
                  {
                    "type": "minecraft:block_predicate_filter",
                    "predicate": {
                      "type": "minecraft:all_of",
                      "predicates": [
                        {
                          "type": "minecraft:any_of",
                          "predicates": [
                            {
                              "type": "minecraft:matching_blocks",
                              "offset": [
                                0,
                                0,
                                -1
                              ],
                              "blocks": "minecraft:birch_log"
                            },
                            {
                              "type": "minecraft:matching_blocks",
                              "offset": [
                                0,
                                0,
                                1
                              ],
                              "blocks": "minecraft:birch_log"
                            }
                          ]
                        },
                        {
                          "type": "minecraft:not",
                          "predicate": {
                            "type": "minecraft:any_of",
                            "predicates": [
                              {
                                "type": "minecraft:matching_blocks",
                                "offset": [
                                  0,
                                  1,
                                  0
                                ],
                                "blocks": "#tectonic:birch_and_bees"
                              },
                              {
                                "type": "minecraft:matching_blocks",
                                "offset": [
                                  0,
                                  0,
                                  0
                                ],
                                "blocks": "#tectonic:birch_and_bees"
                              },
                              {
                                "type": "minecraft:matching_blocks",
                                "offset": [
                                  0,
                                  -1,
                                  0
                                ],
                                "blocks": "#tectonic:birch_and_bees"
                              },
                              {
                                "type": "minecraft:matching_blocks",
                                "offset": [
                                  0,
                                  -2,
                                  0
                                ],
                                "blocks": "#tectonic:birch_and_bees"
                              },
                              {
                                "type": "minecraft:matching_blocks",
                                "offset": [
                                  0,
                                  -3,
                                  0
                                ],
                                "blocks": "#tectonic:birch_and_bees"
                              },
                              {
                                "type": "minecraft:matching_blocks",
                                "offset": [
                                  0,
                                  -4,
                                  0
                                ],
                                "blocks": "#tectonic:birch_and_bees"
                              }
                            ]
                          }
                        }
                      ]
                    }
                  }
                ]
              }
            }
          ],
          "default": {
            "feature": {
              "type": "minecraft:tree",
              "config": {
                "ignore_vines": true,
                "force_dirt": false,
                "minimum_size": {
                  "type": "minecraft:two_layers_feature_size",
                  "limit": 1,
                  "lower_size": 0,
                  "upper_size": 1
                },
                "dirt_provider": {
                  "type": "minecraft:simple_state_provider",
                  "state": {
                    "Name": "minecraft:dirt"
                  }
                },
                "trunk_provider": {
                  "type": "minecraft:simple_state_provider",
                  "state": {
                    "Name": "minecraft:birch_log",
                    "Properties": {
                      "axis": "y"
                    }
                  }
                },
                "foliage_provider": {
                  "type": "minecraft:simple_state_provider",
                  "state": {
                    "Name": "minecraft:birch_leaves",
                    "Properties": {
                      "distance": "7",
                      "persistent": "false",
                      "waterlogged": "false"
                    }
                  }
                },
                "trunk_placer": {
                  "type": "minecraft:straight_trunk_placer",
                  "base_height": 6,
                  "height_rand_a": 3,
                  "height_rand_b": 0
                },
                "foliage_placer": {
                  "type": "minecraft:blob_foliage_placer",
                  "radius": 2,
                  "offset": 0,
                  "height": 3
                },
                "decorators": []
              }
            },
            "placement": [
              {
                "type": "minecraft:block_predicate_filter",
                "predicate": {
                  "type": "minecraft:matching_blocks",
                  "offset": [
                    0,
                    0,
                    0
                  ],
                  "blocks": "minecraft:air"
                }
              }
            ]
          }
        }
      },
      "placement": []
    }
  }
}
