{
    "ModSettings": {
        "highlight_foused_items": false,
        "enable_updates_check": false,
        "first_run": false
    },
    "GuiSettings": {
        "enable_profiles_ui": false,
        "enable_inventory_editor_button": false,
        "show_continuous_crafting_checkbox": false,
        "continuous_crafting_saved_value": false
    },
    "LockedSlotsSettings": {
        "also_show_locked_slots_in_hotbar": false
    },
    "AutoRefillSettings": {
        "ignore_locked_slots": false,
        "refill_armor": false,
        "refill_before_tool_break": false
    }
}