{
  "watchForChanges": true,
  "hud": {
    "distance": 50,
    "x": -100.0,
    "y": 4.0,
    "scale": 0,
    "hideDelay": 0,
    "anchorPoint": "TOP_CENTER",
    "showEntity": false,
    "showBar": true,
    "showSkin": false
  },
  "bar": {
    "damageNumberType": "LAST",
    "friendColor": 16711935,
    "friendColorSecondary": 8388863,
    "foeColor": -16776961,
    "foeColorSecondary": -2147483393
  },
  "inWorld": {
    "mode": "ALWAYS",
    "distance": 50.0,
    "onlyWhenLookingAt": true,
    "onlyWhenHurt": false
  },
  "particle": {
    "show": true,
    "damageColor": 16711680,
    "healColor": 65280
  }
}